pdb_id,center_x,center_y,center_z
8cu6,-21.52953571428571,6.2688571428571445,16.90664285714286
